Name,ID,level,maxlevel,levelreq,classspecific,class,classlevelreq,mod1code,itype1,itype2,itype3,itype4,itype5,itype6,itype7,etype1,etype2,etype3,etype4,etype5
of Health,0,7,,5,,,,red-dmg,tors,helm,shld,ring,amul,,,,,,,
of Protection,1,18,,13,,,,red-dmg,ring,amul,,,,,,,,,,
of Absorption,2,26,,19,,,,red-dmg,amul,,,,,,,,,,,
of Life,3,35,,26,,,,red-dmg,amul,,,,,,,,,,,
,4,,,,,,,,,,,,,,,,,,,
of Warding,5,7,,5,,,,red-mag,tors,helm,shld,ring,amul,,,,,,,
of the Sentinel,6,18,,13,,,,red-mag,ring,amul,,,,,,,,,,
of Guarding,7,26,,19,,,,red-mag,amul,,,,,,,,,,,
of Negation,8,35,,26,,,,red-mag,amul,,,,,,,,,,,
,9,,,,,,,,,,,,,,,,,,,
of Piercing,10,25,,18,,,,ignore-ac,rod,,,,,,,,,,,
of Bashing,11,16,,12,,,,dmg-ac,mele,,,,,,,wand,staf,,,
of Puncturing,12,6,,4,,,,dmg-ac,mele,,,,,,,wand,staf,,,
of Thorns,13,14,,10,,,,thorns,tors,helm,shld,belt,,,,,,,,
of Spikes,14,21,,15,,,,thorns,tors,helm,shld,belt,,,,,,,,
of Readiness,15,1,,1,,,,swing1,weap,glov,,,,,,,,,,
of Alacrity,16,8,,6,,,,swing2,weap,,,,,,,,,,,
of Swiftness,17,19,,14,,,,swing2,mele,,,,,,,wand,staf,,,
of Quickness,18,25,,18,,,,swing3,mele,,,,,,,wand,staf,,,
of Blocking,19,1,,1,,,,block,shld,,,,,,,,,,,
of Deflecting,20,11,,8,,,,block,shld,,,,,,,,,,,
of the Apprentice,21,5,,3,,,,cast1,rod,ring,amul,,,,,,,,,
of the Magus,22,17,,12,,,,cast3,rod,,,,,,,,,,,
of Frost,23,4,,3,,,,cold-min,weap,,,,,,,,,,,
of the Glacier,24,18,,13,,,,cold-min,mele,,,,,,,,,,,
of Frost,25,55,,41,,,,cold-min,belt,amul,,,,,,,,,,
of Warmth,26,10,,7,,,,half-freeze,shld,boot,glov,ring,amul,,,,,,,
of Flame,27,4,,3,,,,fire-min,weap,,,,,,,,,,,
of Fire,28,15,,11,,,,fire-min,weap,,,,,,,,,,,
of Burning,29,25,,18,,,,fire-min,weap,,,,,,,,,,,
of Flame,30,40,,30,,,,fire-min,glov,ring,amul,,,,,,,,,
of Shock,31,4,,3,,,,ltng-min,weap,,,,,,,,,,,
of Lightning,32,15,,11,,,,ltng-min,weap,,,,,,,,,,,
of Thunder,33,25,,18,,,,ltng-min,weap,,,,,,,,,,,
of Shock,34,50,,37,,,,ltng-min,boot,ring,amul,weap,,,,miss,rod,,,
of Craftsmanship,35,1,,1,,,,dmg-max,weap,ring,amul,,,,,,,,,
of Quality,36,4,,3,,,,dmg-max,weap,,,,,,,,,,,
of Maiming,37,7,,5,,,,dmg-max,weap,,,,,,,,,,,
of Slaying,38,11,,8,,,,dmg-max,weap,,,,,,,,,,,
of Gore,39,14,,10,,,,dmg-max,weap,,,,,,,,,,,
of Carnage,40,19,,14,,,,dmg-max,weap,,,,,,,wand,staf,,,
of Slaughter,41,25,,18,,,,dmg-max,weap,,,,,,,wand,staf,,,
of Maiming,42,42,,31,,,,dmg-max,shld,ring,amul,,,,,,,,,
of Worth,43,2,,1,,,,dmg-min,weap,,,,,,,rod,,,,
of Measure,44,6,,4,,,,dmg-min,weap,,,,,,,,,,,
of Excellence,45,12,,9,,,,dmg-min,weap,ring,amul,,,,,,,,,
of Performance,46,18,,13,,,,dmg-min,weap,,,,,,,,,,,
of Measure,47,37,,27,,,,dmg-min,tors,helm,ring,amul,,,,,,,,
of Blight,48,5,,3,,,,pois-min,weap,,,,,,,scep,,,,
of Venom,49,15,,11,,,,pois-min,weap,,,,,,,scep,,,,
of Pestilence,50,25,,18,,,,pois-min,weap,,,,,,,scep,,,,
of Blight,51,45,,33,,,,pois-min,ring,amul,,,,,,,,,,
of Dexterity,52,4,,3,,,,dex,ring,amul,,,,,,,,,,
of Dexterity,53,5,,3,,,,dex,scep,miss,boot,glov,ring,amul,,,,,,
of Skill,54,10,,7,,,,dex,scep,miss,boot,glov,ring,amul,,,,,,
of Skill,55,45,,33,,,,dex,armo,,,,,,,boot,glov,,,
of Accuracy,56,18,,13,,,,dex,scep,miss,boot,glov,ring,amul,,,,,,
of Precision,57,22,,16,,,,dex,scep,miss,amul,,,,,,,,,
of Precision,58,60,,45,,,,dex,armo,ring,,,,,,,,,,
of Perfection,59,30,,22,,,,dex,miss,glov,amul,,,,,,,,,
of Balance,60,5,,3,,,,balance1,armo,,,,,,,glov,,,,
of Stability,61,9,,6,,,,balance3,armo,,,,,,,glov,,,,
,62,,,,,,,,,,,,,,,,,,,
of Regeneration,63,10,,7,,,,regen,scep,belt,ring,amul,,,,,,,,
of Regeneration,64,40,,30,,,,regen,shld,glov,,,,,,,,,,
of Regeneration,65,70,,52,,,,regen,tors,helm,weap,boot,,,,scep,,,,
of Regrowth,66,17,,12,,,,regen,scep,amul,,,,,,,,,,
of Regrowth,67,55,,41,,,,regen,belt,ring,,,,,,,,,,
of Vileness,68,9,,6,,,,noheal,mele,,,,,,,scep,,,,
,69,,,,,,,,,,,,,,,,,,,
of Greed,70,2,,1,,,,gold%,ring,amul,,,,,,,,,,
of Wealth,71,17,,12,,,,gold%,boot,glov,belt,amul,,,,,,,,
of Chance,72,12,,9,,,,mag%,ring,amul,,,,,,,,,,
of Fortune,73,16,,12,,,,mag%,boot,glov,amul,,,,,,,,,
of Energy,74,4,,3,,,,mana,ring,amul,,,,,,,,,,
of Energy,75,5,,3,,,,mana,rod,ring,amul,,,,,,,,,
of the Mind,76,10,,7,,,,mana,rod,ring,amul,,,,,,,,,
of Brilliance,77,18,,13,,,,mana,rod,ring,amul,,,,,,,,,
of Sorcery,78,22,,16,,,,mana,rod,amul,,,,,,,,,,
of Wizardry,79,30,,22,,,,mana,rod,ring,amul,,,,,,,,,
of the Bear,80,8,,6,,,,knock,mele,,,,,,,,,,,
of Light,81,6,,4,,,,light,armo,rod,miss,ring,amul,,,,,,,
of Radiance,82,15,,11,,,,light,rod,miss,ring,amul,,,,,,,,
of the Sun,83,17,,12,,,,light,rod,miss,glov,ring,amul,,,,,,,
of Life,84,23,,17,,,,hp,tors,helm,shld,belt,amul,,,,,,,
of the Jackal,85,3,,2,,,,hp,armo,rod,ring,amul,,,,,,,,
of the Fox,86,6,,4,,,,hp,armo,rod,ring,amul,,,,,,,,
of the Wolf,87,14,,10,,,,hp,armo,rod,ring,amul,,,,,,,,
of the Wolf,88,45,,33,,,,hp,weap,,,,,,,rod,,,,
of the Tiger,89,20,,15,,,,hp,armo,ring,amul,,,,,,,,,
of the Mammoth,90,24,,18,,,,hp,tors,helm,shld,ring,amul,,,,,,,
of the Mammoth,91,60,,45,,,,hp,mele,glov,belt,,,,,rod,,,,
of the Colosuss,92,30,,22,,,,hp,tors,helm,shld,belt,amul,,,,,,,
of the Leech,93,6,,4,,,,lifesteal,weap,ring,amul,,,,,,,,,
of the Locust,94,20,,15,,,,lifesteal,mele,,,,,,,,,,,
of the Bat,95,6,,4,,,,manasteal,weap,ring,amul,,,,,,,,,
of the Vampire,96,20,,15,,,,manasteal,mele,,,,,,,,,,,
of Defiance,97,25,,18,,,,res-pois-len,tors,helm,shld,amul,,,,,,,,
of Amelioration,98,18,,13,,,,res-pois-len,tors,helm,shld,amul,,,,,,,,
of Remedy,99,7,,5,,,,res-pois-len,armo,ring,amul,,,,,,,,,
,100,,,,,,,,,,,,,,,,,,,
of Simplicity,101,25,,18,,,,ease,tors,helm,weap,shld,,,,rod,,,,
of Ease,102,15,,11,,,,ease,tors,helm,weap,shld,,,,rod,,,,
,103,,,,,,,,,,,,,,,,,,,
of Strength,104,5,,3,,,,str,belt,ring,amul,,,,,,,,,
of Might,105,10,,7,,,,str,mele,shld,ring,amul,,,,wand,staf,,,
of the Ox,106,18,,13,,,,str,mele,belt,ring,amul,,,,wand,staf,,,
of the Ox,107,47,,35,,,,str,shld,boot,glov,,,,,,,,,
of the Giant,108,22,,16,,,,str,mele,belt,amul,,,,,wand,staf,,,
of the Giant,109,62,,46,,,,str,boot,glov,ring,shld,,,,,,,,
of the Titan,110,30,,22,,,,str,boot,belt,amul,,,,,,,,,
of Pacing,111,2,,1,,,,move1,boot,,,,,,,,,,,
of Haste,112,12,,9,,,,move2,boot,,,,,,,,,,,
of Speed,113,22,,16,,,,move3,boot,,,,,,,,,,,
Expansion,114,,,,,,,,,,,,,,,,,,,
of Health,115,7,,5,,,,red-dmg,tors,shld,ring,amul,circ,,,,,,,
of Protection,116,18,,13,,,,red-dmg,ring,amul,circ,,,,,,,,,
of Absorption,117,26,,19,,,,red-dmg,amul,circ,,,,,,,,,,
of Life,118,35,,26,,,,red-dmg,amul,circ,,,,,,,,,,
of Life Everlasting,119,45,,37,,,,red-dmg,amul,circ,,,,,,,,,,
of Protection,120,24,,18,,,,red-dmg,tors,shld,circ,,,,,,,,,
of Absorption,121,32,,24,,,,red-dmg,tors,shld,circ,,,,,,,,,
of Life,122,41,,33,,,,red-dmg,tors,shld,circ,,,,,,,,,
of Anima,123,51,,43,,,,red-dmg,tors,shld,circ,,,,,,,,,
of Warding,124,7,,5,,,,red-mag,tors,shld,ring,amul,orb,circ,,,,,,
of the Sentinel,125,18,,12,,,,red-mag,ring,amul,orb,circ,,,,,,,,
of Guarding,126,26,,19,,,,red-mag,amul,orb,circ,,,,,,,,,
of Negation,127,42,,35,,,,red-mag,amul,orb,circ,,,,,,,,,
of the Sentinel,128,24,,18,,,,red-mag,tors,shld,circ,,,,,,,,,
of Guarding,129,32,,24,,,,red-mag,tors,shld,circ,,,,,,,,,
of Negation,130,41,,33,,,,red-mag,tors,shld,circ,,,,,,,,,
of Coolness,131,11,,8,,,,abs-fire,tors,shld,boot,circ,,,,,,,,
of Incombustibility,132,19,,14,,,,abs-fire,tors,shld,boot,circ,,,,,,,,
of Amianthus,133,28,,21,,,,abs-fire,tors,shld,boot,circ,,,,,,,,
of Fire Quenching,134,38,,30,,,,abs-fire,tors,shld,boot,circ,,,,,,,,
of Coolness,135,13,,9,,,,abs-fire,ring,amul,orb,circ,,,,,,,,
of Incombustibility,136,22,,16,,,,abs-fire,amul,orb,circ,,,,,,,,,
of Amianthus,137,33,,25,,,,abs-fire,amul,orb,circ,,,,,,,,,
of Fire Quenching,138,46,,38,,,,abs-fire,amul,orb,circ,,,,,,,,,
of Faith,139,23,,17,,,,abs-fire,jewl,,,,,,,,,,,
of Resistance,140,11,,8,,,,abs-ltng,tors,shld,boot,circ,,,,,,,,
of Insulation,141,19,,14,,,,abs-ltng,tors,shld,boot,circ,,,,,,,,
of Grounding,142,28,,21,,,,abs-ltng,tors,shld,boot,circ,,,,,,,,
of the Dynamo,143,38,,30,,,,abs-ltng,tors,shld,boot,circ,,,,,,,,
of Resistance,144,13,,9,,,,abs-ltng,ring,amul,orb,circ,,,,,,,,
of Insulation,145,22,,16,,,,abs-ltng,amul,orb,circ,,,,,,,,,
of Grounding,146,33,,25,,,,abs-ltng,amul,orb,circ,,,,,,,,,
of the Dynamo,147,46,,38,,,,abs-ltng,amul,orb,circ,,,,,,,,,
of Stoicism,148,22,,16,,,,abs-ltng,jewl,,,,,,,,,,,
of Warming,149,11,,8,,,,abs-cold,tors,shld,boot,circ,,,,,,,,
of Thawing,150,19,,14,,,,abs-cold,tors,shld,boot,circ,,,,,,,,
of the Dunes,151,28,,21,,,,abs-cold,tors,shld,boot,circ,,,,,,,,
of the Sirocco,152,38,,30,,,,abs-cold,tors,shld,boot,circ,,,,,,,,
of Warming,153,13,,9,,,,abs-cold,ring,amul,orb,circ,,,,,,,,
of Thawing,154,22,,16,,,,abs-cold,amul,orb,circ,,,,,,,,,
of the Dunes,155,33,,25,,,,abs-cold,amul,orb,circ,,,,,,,,,
of the Sirocco,156,46,,38,,,,abs-cold,amul,orb,circ,,,,,,,,,
of Desire,157,23,,17,,,,abs-cold,jewl,,,,,,,,,,,
of Piercing,158,25,,18,,,,ignore-ac,rod,knif,h2h,,,,,,,,,
of Bashing,159,16,,12,,,,dmg-ac,blun,,,,,,,wand,staf,orb,,
of Puncturing,160,6,,4,,,,dmg-ac,spea,knif,h2h,,,,,,,,,
of Thorns,161,14,,10,,,,thorns,tors,shld,belt,circ,,,,,,,,
of Spikes,162,21,,15,,,,thorns,tors,shld,belt,circ,,,,,,,,
of Razors,163,34,,26,,,,thorns,tors,shld,circ,,,,,,,,,
of Swords,164,47,,39,,,,thorns,tors,shld,circ,,,,,,,,,
of Malice,165,37,,29,,,,thorns,jewl,,,,,,,,,,,
of Readiness,166,5,,3,,,,swing1,weap,,,,,,,wand,orb,,,
of Alacrity,167,25,,17,,,,swing2,weap,,,,,,,wand,orb,,,
of Swiftness,168,34,,26,,,,swing2,mele,,,,,,,wand,staf,orb,,
of Quickness,169,46,,38,,,,swing3,mele,,,,,,,wand,staf,orb,,
of Alacrity,170,43,,35,,,,swing2,glov,,,,,,,,,,,
of Fervor,171,39,,31,,,,swing1,jewl,,,,,,,,,,,
of Blocking,172,1,,1,,,,block,shld,,,,,,,,,,,
of Deflecting,173,11,,8,,,,block,shld,,,,,,,,,,,
of the Apprentice,174,5,,3,,,,cast1,rod,ring,amul,orb,circ,,,,,,,
of the Magus,175,29,,21,,,,cast3,rod,orb,circ,,,,,scep,,,,
of Frost,176,4,,3,,,,cold-min,weap,,,,,,,wand,orb,,,
of the Icicle,177,13,,9,,,,cold-min,weap,,,,,,,wand,orb,,,
of the Glacier,178,27,,20,,,,cold-min,weap,,,,,,,wand,orb,,,
of Winter,179,45,,37,,,,cold-min,mele,,,,,,,wand,orb,,,
of Frost,180,55,,41,,,,cold-min,belt,amul,,,,,,,,,,
of Frigidity,181,16,,12,,,,cold-min,jewl,,,,,,,,,,,
of Warmth,182,10,,7,,,,half-freeze,shld,boot,glov,ring,amul,circ,orb,,,,,
of Flame,183,4,,3,,,,fire-min,weap,,,,,,,wand,orb,,,
of Fire,184,15,,11,,,,fire-min,weap,,,,,,,wand,orb,,,
of Burning,185,25,,18,,,,fire-min,weap,,,,,,,wand,orb,,,
of Incineration,186,43,,35,,,,fire-min,mele,,,,,,,wand,orb,,,
of Flame,187,40,,30,,,,fire-min,glov,ring,amul,,,,,,,,,
of Passion,188,15,,11,,,,fire-min,jewl,,,,,,,,,,,
of Shock,189,4,,3,,,,ltng-min,weap,,,,,,,wand,orb,,,
of Lightning,190,15,,11,,,,ltng-min,weap,,,,,,,wand,orb,,,
of Thunder,191,25,,18,,,,ltng-min,weap,,,,,,,wand,orb,,,
of Storms,192,34,,26,,,,ltng-min,mele,,,,,,,wand,orb,,,
of Shock,193,50,,37,,,,ltng-min,boot,ring,amul,,,,,,,,,
of Ennui,194,15,,11,,,,ltng-min,jewl,,,,,,,,,,,
of Craftsmanship,195,1,,1,,,,dmg-max,weap,ring,amul,,,,,wand,staf,orb,,
of Quality,196,4,,3,,,,dmg-max,weap,,,,,,,wand,staf,orb,,
of Maiming,197,7,,5,,,,dmg-max,weap,,,,,,,wand,staf,orb,,
of Slaying,198,11,,8,,,,dmg-max,weap,,,,,,,wand,staf,orb,,
of Gore,199,14,,10,,,,dmg-max,weap,,,,,,,wand,staf,orb,,
of Carnage,200,19,,14,,,,dmg-max,weap,,,,,,,wand,staf,orb,,
of Slaughter,201,25,,18,,,,dmg-max,weap,,,,,,,wand,staf,orb,,
of Butchery,202,35,,27,,,,dmg-max,weap,,,,,,,wand,staf,orb,,
of Evisceration,203,45,,37,,,,dmg-max,weap,,,,,,,wand,staf,orb,,
of Maiming,204,42,,34,,,,dmg-max,shld,ring,amul,,,,,,,,,
of Craftsmanship,205,1,7,1,,,,dmg-max,circ,,,,,,,,,,,
of Craftsmanship,206,8,14,6,,,,dmg-max,circ,,,,,,,,,,,
of Craftsmanship,207,15,,11,,,,dmg-max,circ,,,,,,,,,,,
of Quality,208,23,29,17,,,,dmg-max,circ,,,,,,,,,,,
of Quality,209,30,,22,,,,dmg-max,circ,,,,,,,,,,,
of Maiming,210,37,44,29,,,,dmg-max,circ,,,,,,,,,,,
of Maiming,211,45,,37,,,,dmg-max,circ,,,,,,,,,,,
of Craftsmanship,212,8,17,6,,,,dmg-max,mcha,,,,,,,,,,,
of Craftsmanship,213,18,,13,,,,dmg-max,mcha,,,,,,,,,,,
of Quality,214,28,37,21,,,,dmg-max,mcha,,,,,,,,,,,
of Quality,215,38,,30,,,,dmg-max,mcha,,,,,,,,,,,
of Maiming,216,48,,40,,,,dmg-max,mcha,,,,,,,,,,,
of Craftsmanship,217,21,,15,,,,dmg-max,scha,,,,,,,,,,,
of Quality,218,36,,28,,,,dmg-max,scha,,,,,,,,,,,
of Maiming,219,51,,43,,,,dmg-max,scha,,,,,,,,,,,
of Ire,220,4,,3,,,,dmg-max,jewl,,,,,,,,,,,
of Wrath,221,11,,8,,,,dmg-max,jewl,,,,,,,,,,,
of Carnage,222,25,,18,,,,dmg-max,jewl,,,,,,,,,,,
of Worth,223,1,,1,,,,dmg-min,weap,,,,,,,staf,wand,orb,,
of Measure,224,12,,9,,,,dmg-min,weap,,,,,,,staf,wand,orb,,
of Excellence,225,24,,18,,,,dmg-min,weap,,,,,,,staf,wand,orb,,
of Performance,226,48,,40,,,,dmg-min,weap,,,,,,,staf,wand,orb,,
of Transcendence,227,76,,68,,,,dmg-min,weap,,,,,,,staf,wand,orb,,
of Worth,228,15,,11,,,,dmg-min,ring,amul,circ,,,,,,,,,
of Measure,229,37,,29,,,,dmg-min,ring,amul,circ,,,,,,,,,
of Excellence,230,59,,51,,,,dmg-min,ring,amul,circ,,,,,,,,,
of Performance,231,81,,73,,,,dmg-min,ring,amul,circ,,,,,,,,,
of Joyfulness,232,5,,3,,,,dmg-min,jewl,,,,,,,,,,,
of Bliss,233,43,,37,,,,dmg-min,jewl,,,,,,,,,,,
of Blight,234,5,,3,,,,dmg-pois,weap,circ,,,,,,rod,orb,,,
of Venom,235,15,,11,,,,dmg-pois,weap,circ,,,,,,rod,orb,,,
of Pestilence,236,25,,18,,,,dmg-pois,weap,circ,,,,,,rod,orb,,,
of Anthrax,237,33,,25,,,,dmg-pois,weap,,,,,,,rod,orb,,,
of Blight,238,45,,33,,,,dmg-pois,ring,amul,,,,,,,,,,
of Envy,239,1,,1,,,,dmg-pois,jewl,,,,,,,,,,,
of Dexterity,240,1,,1,,,,dex,amul,miss,circ,,,,,,,,,
of Skill,241,11,,8,,,,dex,amul,miss,circ,,,,,,,,,
of Accuracy,242,27,,20,,,,dex,amul,miss,circ,,,,,,,,,
of Precision,243,43,,35,,,,dex,amul,miss,circ,,,,,,,,,
of Perfection,244,59,,51,,,,dex,amul,miss,circ,,,,,,,,,
of Nirvana,245,72,,64,,,,dex,amul,miss,circ,,,,,,,,,
of Dexterity,246,6,,4,,,,dex,ring,glov,,,,,,,,,,
of Skill,247,22,,16,,,,dex,ring,glov,,,,,,,,,,
of Accuracy,248,39,,31,,,,dex,ring,glov,,,,,,,,,,
of Precision,249,56,,48,,,,dex,ring,glov,,,,,,,,,,
of Perfection,250,75,,67,,,,dex,ring,glov,,,,,,,,,,
of Dexterity,251,13,,9,,,,dex,tors,boot,,,,,,glov,,,,
of Skill,252,34,,26,,,,dex,tors,boot,,,,,,glov,,,,
of Accuracy,253,46,,38,,,,dex,tors,boot,,,,,,glov,,,,
of Precision,254,60,,52,,,,dex,tors,boot,,,,,,glov,,,,
of Dexterity,255,1,,1,,,,dex,lcha,,,,,,,,,,,
of Dexterity,256,3,,2,,,,dex,mcha,,,,,,,,,,,
of Dexterity,257,7,,5,,,,dex,scha,,,,,,,,,,,
of Dexterity,258,14,,10,,,,dex,lcha,,,,,,,,,,,
of Dexterity,259,18,,13,,,,dex,mcha,,,,,,,,,,,
of Dexterity,260,22,,16,,,,dex,scha,,,,,,,,,,,
of Daring,261,7,,5,,,,dex,jewl,,,,,,,,,,,
of Balance,262,5,,3,,,,balance1,armo,,,,,,,glov,,,,
of Equilibrium,263,9,,6,,,,balance2,tors,belt,shld,,,,,,,,,
of Stability,264,18,,13,,,,balance3,tors,belt,,,,,,,,,,
of Balance,265,1,,1,,,,balance3,lcha,,,,,,,,,,,
of Balance,266,19,,14,,,,balance2,mcha,,,,,,,,,,,
of Balance,267,37,,29,,,,balance1,scha,,,,,,,,,,,
of Truth,268,44,,36,,,,balance1,jewl,,,,,,,,,,,
of Regeneration,269,10,,7,,,,regen,scep,belt,ring,amul,circ,,,,,,,
of Regeneration,270,40,,30,,,,regen,shld,glov,,,,,,,,,,
of Regeneration,271,70,,52,,,,regen,tors,weap,boot,,,,,scep,,,,
of Regrowth,272,17,,12,,,,regen,scep,amul,circ,,,,,,,,,
of Regrowth,273,55,,41,,,,regen,belt,ring,,,,,,,,,,
of Revivification,274,38,,30,,,,regen,scep,amul,circ,,,,,,,,,
of Honor,275,47,,35,,,,regen,jewl,,,,,,,,,,,
of Vileness,276,9,,6,,,,noheal,mele,,,,,,,rod,orb,,,
of Greed,277,1,,1,,,,gold%,ring,amul,circ,,,,,,,,,
of Wealth,278,17,,12,,,,gold%,boot,glov,belt,amul,circ,,,,,,,
of Greed,279,1,,1,,,,gold%,lcha,,,,,,,,,,,
of Greed,280,7,,5,,,,gold%,lcha,,,,,,,,,,,
of Greed,281,19,,14,,,,gold%,lcha,,,,,,,,,,,
of Greed,282,1,,5,,,,gold%,mcha,,,,,,,,,,,
of Greed,283,20,,15,,,,gold%,mcha,,,,,,,,,,,
of Greed,284,1,,15,,,,gold%,scha,,,,,,,,,,,
of Avarice,285,1,,1,,,,gold%,jewl,,,,,,,,,,,
of Chance,286,12,,9,,,,mag%,boot,glov,ring,amul,circ,,,,,,,
of Fortune,287,16,,12,,,,mag%,boot,glov,amul,circ,,,,,,,,
of Fortune,288,42,,31,,,,mag%,ring,,,,,,,,,,,
of Luck,289,26,,19,,,,mag%,boot,amul,circ,,,,,,,,,
of Fortune,290,31,,18,,,,mag%,scha,,,,,,,,,,,
of Good Luck,291,47,,33,,,,mag%,scha,,,,,,,,,,,
of Prosperity,292,26,,19,,,,mag%,jewl,,,,,,,,,,,
of Energy,293,1,,1,,,,enr,amul,orb,circ,wand,staf,,,,,,,
of the Mind,294,7,,3,,,,enr,amul,orb,circ,wand,staf,,,,,,,
of Brilliance,295,13,,9,,,,enr,amul,orb,circ,wand,staf,,,,,,,
of Sorcery,296,21,,16,,,,enr,amul,orb,circ,wand,staf,,,,,,,
of Wizardry,297,31,,23,,,,enr,amul,orb,circ,wand,staf,,,,,,,
of Enlightenment,298,41,,33,,,,enr,amul,orb,circ,wand,staf,,,,,,,
of Energy,299,7,,5,,,,enr,ring,,,,,,,,,,,
of the Mind,300,13,,9,,,,enr,ring,,,,,,,,,,,
of Brilliance,301,21,,16,,,,enr,ring,,,,,,,,,,,
of Sorcery,302,31,,23,,,,enr,ring,,,,,,,,,,,
of Wizardry,303,41,,33,,,,enr,ring,,,,,,,,,,,
of Energy,304,4,,3,,,,enr,helm,scep,,,,,,,,,,
of the Mind,305,10,,7,,,,enr,helm,scep,,,,,,,,,,
of Brilliance,306,16,,12,,,,enr,helm,scep,,,,,,,,,,
of Sorcery,307,26,,21,,,,enr,helm,scep,,,,,,,,,,
of Knowledge,308,9,,6,,,,enr,jewl,,,,,,,,,,,
of the Bear,309,8,,6,,,,knock,mele,,,,,,,,,,,
of Light,310,6,,4,,,,light,armo,rod,ring,amul,,,,,,,,
of Radiance,311,15,,11,,,,light,rod,miss,ring,amul,helm,,,,,,,
of the Sun,312,17,,12,,,,light,rod,miss,glov,ring,amul,helm,,,,,,
of the Jackal,313,1,,1,,,,hp,tors,belt,amul,phlm,circ,,,,,,,
of the Fox,314,7,,5,,,,hp,tors,belt,amul,phlm,circ,,,,,,,
of the Wolf,315,15,,11,,,,hp,tors,belt,amul,phlm,circ,,,,,,,
of the Tiger,316,20,,15,,,,hp,tors,belt,amul,phlm,circ,,,,,,,
of the Mammoth,317,25,,18,,,,hp,tors,belt,amul,phlm,circ,,,,,,,
of the Colosuss,318,30,,22,,,,hp,tors,belt,amul,phlm,circ,,,,,,,
of the Squid,319,40,,30,,,,hp,tors,belt,amul,phlm,circ,,,,,,,
of the Whale,320,50,,37,,,,hp,tors,belt,amul,phlm,circ,,,,,,,
of the Jackal,321,4,,3,,,,hp,shld,pelt,,,,,,,,,,
of the Fox,322,11,,8,,,,hp,shld,pelt,,,,,,,,,,
of the Wolf,323,27,,20,,,,hp,shld,pelt,,,,,,,,,,
of the Tiger,324,43,,35,,,,hp,shld,pelt,,,,,,,,,,
of the Mammoth,325,59,,51,,,,hp,shld,pelt,,,,,,,,,,
of the Colosuss,326,75,,67,,,,hp,shld,pelt,,,,,,,,,,
of the Jackal,327,8,,6,,,,hp,club,hamm,mace,ring,helm,,,,,,,
of the Fox,328,17,,13,,,,hp,club,hamm,mace,ring,helm,,,,,,,
of the Wolf,329,34,,26,,,,hp,club,hamm,mace,ring,helm,,,,,,,
of the Tiger,330,51,,43,,,,hp,club,hamm,mace,ring,helm,,,,,,,
of the Mammoth,331,68,,60,,,,hp,club,hamm,mace,ring,helm,,,,,,,
of Life,332,1,,1,,,,hp,lcha,,,,,,,,,,,
of Life,333,9,,6,,,,hp,lcha,,,,,,,,,,,
of Life,334,19,,14,,,,hp,lcha,,,,,,,,,,,
of Substinence,335,31,,23,,,,hp,lcha,,,,,,,,,,,
of Substinence,336,45,,37,,,,hp,lcha,,,,,,,,,,,
of Substinence,337,61,,53,,,,hp,lcha,,,,,,,,,,,
of Vita,338,77,,69,,,,hp,lcha,,,,,,,,,,,
of Vita,339,91,,83,,,,hp,lcha,,,,,,,,,,,
of Vita,340,110,,97,,,,hp,lcha,,,,,,,,,,,
of Life,341,1,,9,,,,hp,mcha,,,,,,,,,,,
of Life,342,12,,9,,,,hp,mcha,,,,,,,,,,,
of Substinence,343,26,,19,,,,hp,mcha,,,,,,,,,,,
of Substinence,344,42,,34,,,,hp,mcha,,,,,,,,,,,
of Vita,345,58,,50,,,,hp,mcha,,,,,,,,,,,
of Vita,346,74,,66,,,,hp,mcha,,,,,,,,,,,
of Life,347,1,,14,,,,hp,scha,,,,,,,,,,,
of Substinence,348,23,,17,,,,hp,scha,,,,,,,,,,,
of Vita,349,47,,39,,,,hp,scha,,,,,,,,,,,
of Spirit,350,1,,1,,,,hp,jewl,,,,,,,,,,,
of Hope,351,45,,37,,,,hp,jewl,,,,,,,,,,,
of the Leech,352,6,,4,,,,lifesteal,weap,,,,,,,orb,,,,
of the Locust,353,20,,15,,,,lifesteal,mele,,,,,,,orb,,,,
of the Lamprey,354,55,,43,,,,lifesteal,mele,,,,,,,orb,,,,
of the Leech,355,14,,10,,,,lifesteal,ring,circ,,,,,,,,,,
of the Locust,356,47,,35,,,,lifesteal,ring,circ,,,,,,,,,,
of the Lamprey,357,77,,65,,,,lifesteal,ring,circ,,,,,,,,,,
of the Leech,358,34,,26,,,,lifesteal,glov,,,,,,,,,,,
of the Bat,359,7,,4,,,,manasteal,weap,,,,,,,orb,,,,
of the Wraith,360,21,,16,,,,manasteal,mele,,,,,,,,,,,
of the Vampire,361,56,,48,,,,manasteal,mele,,,,,,,,,,,
of the Bat,362,15,,11,,,,manasteal,amul,circ,,,,,,,,,,
of the Wraith,363,58,,40,,,,manasteal,amul,circ,,,,,,,,,,
of the Vampire,364,78,,66,,,,manasteal,amul,circ,,,,,,,,,,
of the Bat,365,35,,27,,,,manasteal,glov,,,,,,,,,,,
of Defiance,366,25,,18,,,,res-pois-len,tors,shld,amul,circ,,,,,,,,
of Amelioration,367,18,,13,,,,res-pois-len,tors,shld,amul,circ,,,,,,,,
of Remedy,368,7,,5,,,,res-pois-len,armo,ring,amul,circ,,,,,,,,
of Simplicity,369,25,,18,,,,ease,tors,weap,shld,,,,,rod,orb,,,
of Ease,370,15,,11,,,,ease,tors,weap,shld,,,,,rod,orb,,,
of Freedom,371,1,,1,,,,ease,jewl,,,,,,,,,,,
of Strength,372,1,,1,,,,str,amul,belt,club,hamm,circ,,,,,,,
of Might,373,10,,8,,,,str,amul,belt,club,hamm,circ,,,,,,,
of the Ox,374,26,,19,,,,str,amul,belt,club,hamm,circ,,,,,,,
of the Giant,375,42,,34,,,,str,amul,belt,club,hamm,circ,,,,,,,
of the Titan,376,58,,50,,,,str,amul,belt,club,hamm,circ,,,,,,,
of Atlus,377,71,,63,,,,str,amul,belt,club,hamm,circ,,,,,,,
of Strength,378,5,,3,,,,str,ring,scep,mace,tors,,,,,,,,
of Might,379,21,,15,,,,str,ring,scep,mace,tors,,,,,,,,
of the Ox,380,38,,30,,,,str,ring,scep,mace,tors,,,,,,,,
of the Giant,381,55,,47,,,,str,ring,scep,mace,tors,,,,,,,,
of the Titan,382,74,,66,,,,str,ring,scep,mace,tors,,,,,,,,
of Strength,383,12,,8,,,,str,mele,glov,shld,,,,,blun,,,,
of Might,384,33,,25,,,,str,mele,glov,shld,,,,,blun,,,,
of the Ox,385,45,,37,,,,str,mele,glov,shld,,,,,blun,,,,
of the Giant,386,59,,51,,,,str,mele,glov,,,,,,blun,,,,
of Strength,387,1,,1,,,,str,lcha,,,,,,,,,,,
of Strength,388,3,,2,,,,str,mcha,,,,,,,,,,,
of Strength,389,7,,5,,,,str,scha,,,,,,,,,,,
of Strength,390,14,,10,,,,str,lcha,,,,,,,,,,,
of Strength,391,18,,13,,,,str,mcha,,,,,,,,,,,
of Strength,392,22,,16,,,,str,scha,,,,,,,,,,,
of Virility,393,18,,13,,,,str,jewl,,,,,,,,,,,
of Pacing,394,12,,8,,,,move1,boot,circ,,,,,,,,,,
of Haste,395,22,,16,,,,move2,boot,circ,,,,,,,,,,
of Speed,396,37,,29,,,,move3,boot,circ,,,,,,,,,,
of Traveling,397,65,,57,,,,move3,boot,,,,,,,,,,,
of Acceleration,398,51,,43,,,,move3,boot,,,,,,,,,,,
of Inertia,399,19,,14,,,,move3,lcha,,,,,,,,,,,
of Inertia,400,24,,18,,,,move2,mcha,,,,,,,,,,,
of Inertia,401,35,,27,,,,move1,scha,,,,,,,,,,,
of Self-Repair,402,3,,1,,,,rep-dur,weap,armo,,,,,,thro,miss,,,
of Fast Repair,403,20,,12,,,,rep-dur,weap,armo,,,,,,thro,miss,,,
of Ages,404,50,,42,,,,indestruct,weap,armo,,,,,,thro,miss,,,
of Replenishing,405,5,,3,,,,rep-quant,thro,,,,,,,,,,,
of Propogation,406,24,,18,,,,rep-quant,thro,,,,,,,,,,,
of the Kraken,407,20,,1,,,,hp/lvl,tors,amul,pelt,phlm,,,,,,,,
of Memory,408,20,,1,,,,mana/lvl,circ,amul,pelt,,,,,,,,,
of the Elephant,409,37,,7,,,,hp/lvl,circ,pelt,,,,,,,,,,
of Power,410,1,,1,,,,str/lvl,belt,amul,,,,,,,,,,
of Grace,411,1,,1,,,,dex/lvl,helm,amul,,,,,,,,,,
of Grace and Power,412,1,,1,,,,str/lvl,amul,,,,,,,,,,,
of the Yeti,413,1,,1,,,,res-cold/lvl,tors,glov,amul,,,,,,,,,
of the Phoenix,414,1,,1,,,,res-fire/lvl,shld,helm,amul,,,,,,,,,
of the Efreeti,415,1,,1,,,,res-ltng/lvl,glov,boot,ring,,,,,,,,,
of the Cobra,416,1,,1,,,,res-pois/lvl,belt,ring,amul,,,,,,,,,
of the Elements,417,1,,1,,,,res-cold/lvl,circ,,,,,,,,,,,
of Firebolts,418,16,,12,,,,hit-skill,weap,,,,,,,miss,,,,
of Firebolts,419,6,,4,,,,att-skill,weap,,,,,,,miss,,,,
of Firebolts,420,20,,15,,,,att-skill,weap,,,,,,,miss,,,,
of Charged Shield,421,6,,4,,,,gethit-skill,armo,ring,amul,,,,,,,,,
of Charged Shield,422,16,,12,,,,gethit-skill,armo,ring,amul,,,,,,,,,
of Charged Shield,423,26,,19,,,,gethit-skill,armo,ring,amul,,,,,,,,,
of Icebolt,424,6,,4,,,,att-skill,weap,,,,,,,miss,,,,
of Frozen Armor,425,,,,,,,,,,,,,,,,,,,
of Static Field,426,,,,,,,,,,,,,,,,,,,
of Telekinesis,427,,,,,,,,,,,,,,,,,,,
of Frost Shield,428,12,,9,,,,gethit-skill,armo,amul,,,,,,,,,,
of Ice Blast,429,,,,,,,,,,,,,,,,,,,
of Blaze,430,,,,,,,,,,,,,,,,,,,
of Fire Ball,431,,,,,,,,,,,,,,,,,,,
of Nova,432,18,,13,,,,hit-skill,weap,,,,,,,miss,,,,
of Nova,433,28,,21,,,,hit-skill,weap,,,,,,,miss,,,,
of Nova Shield,434,18,,13,,,,gethit-skill,armo,ring ,,,,,,,,,,
of Nova Shield,435,28,,21,,,,gethit-skill,armo,ring ,,,,,,,,,,
of Nova Shield,436,38,,28,,,,gethit-skill,armo,ring ,,,,,,,,,,
of Lightning,437,18,,13,,,,att-skill,weap,,,,,,,miss,,,,
of Lightning,438,12,,18,,sor,9,charged,weap,,,,,,,,,,,
of Shiver Armor,439,,,,,,,,,,,,,,,,,,,
of Fire Wall,440,,,,,,,,,,,,,,,,,,,
of Enchant,441,,,,,,,,,,,,,,,,,,,
of Chain Lightning,442,25,,18,,,,att-skill,weap,ring,amul,,,,,miss,,,,
of Chain Lightning,443,35,,26,,,,att-skill,weap,ring,amul,,,,,miss,,,,
of Chain Lightning,444,45,,33,,,,att-skill,weap,ring,amul,,,,,miss,,,,
of Teleport Shield,445,25,,18,,,,gethit-skill,armo,ring,amul,,,,,,,,,
of Teleport Shield,446,35,,26,,,,gethit-skill,armo,ring,amul,,,,,,,,,
of Teleport Shield,447,45,,33,,,,gethit-skill,armo,ring,amul,,,,,,,,,
of Glacial Spike,448,,,,,,,,,,,,,,,,,,,
of Meteor,449,,,,,,,,,,,,,,,,,,,
of Thunder Storm,450,,,,,,,,,,,,,,,,,,,
of Energy Shield,451,,,,,,,,,,,,,,,,,,,
of Blizzard,452,,,,,,,,,,,,,,,,,,,
of Chilling Armor,453,,,,,,,,,,,,,,,,,,,
of Hydra Shield,454,40,,30,,,,gethit-skill,amul,,,,,,,,,,,
of Frozen Orb,455,,,,,,,,,,,,,,,,,,,
of Dawn,456,30,,22,,,,ac/time,,,,,,,,,,,,
of Sunlight,457,30,,22,,,,ac/time,,,,,,,,,,,,
of Magic Arrows,458,12,,11,,ama,1,charged,miss,abow,,,,,,,,,,
of Magic Arrows,459,35,,28,,ama,3,charged,glov,,,,,,,,,,,
of Fire Arrows,460,13,,12,,ama,1,charged,miss,abow,,,,,,,,,,
of Fire Arrows,461,40,,32,,ama,3,charged,glov,,,,,,,,,,,
of Inner Sight,462,18,,14,,ama,2,charged,amul,amaz,circ,,,,,,,,,
of Inner Sight,463,50,,42,,ama,5,charged,glov,,,,,,,,,,,
of Jabbing,464,24,,18,,ama,3,charged,spea,aspe,,,,,,,,,,
of Jabbing,465,50,,42,,ama,5,charged,glov,,,,,,,,,,,
of Cold Arrows,466,15,,16,,ama,6,charged,miss,abow,,,,,,,,,,
of Cold Arrows,467,47,,39,,ama,9,charged,glov,,,,,,,,,,,
of Multiple Shot,468,18,,19,,ama,6,charged,miss,abow,,,,,,,,,,
of Multiple Shot,469,63,,55,,ama,12,charged,glov,,,,,,,,,,,
of Power Strike,470,12,,13,,ama,6,charged,spea,aspe,,,,,,,,,,
of Power Strike,471,55,,47,,ama,9,charged,glov,,,,,,,,,,,
of Poison Jab,472,17,,18,,ama,6,charged,amul,circ,,,,,,,,,,
of Poison Jab,473,67,,59,,ama,13,charged,glov,,,,,,,,,,,
of Exploding Arrows,474,30,,26,,ama,12,charged,miss,abow,,,,,,,,,,
of Exploding Arrows,475,69,,61,,ama,17,charged,glov,,,,,,,,,,,
of Slow Missiles,476,33,,27,,ama,12,charged,amaz,,,,,,,,,,,
of Slow Missiles,477,68,,60,,ama,15,charged,glov,amul,,,,,,,,,,
of Impaling Strike,478,24,,18,,ama,12,charged,spea,aspe,,,,,,,,,,
of Impaling Strike,479,59,,51,,ama,15,charged,glov,,,,,,,,,,,
of Lightning Javelin,480,25,,18,,ama,12,charged,amul,circ,,,,,,,,,,
of Lightning Javelin,481,70,,62,,ama,17,charged,glov,,,,,,,,,,,
of Ice Arrows,482,36,,28,,ama,18,charged,miss,abow,,,,,,,,,,
of Ice Arrows,483,72,,64,,ama,22,charged,glov,,,,,,,,,,,
of Guided Arrows,484,34,,26,,ama,18,charged,miss,abow,,,,,,,,,,
of Guided Arrows,485,69,,61,,ama,21,charged,glov,,,,,,,,,,,
of Charged Strike,486,33,,25,,ama,18,charged,spea,aspe,,,,,,,,,,
of Charged Strike,487,68,,60,,ama,21,charged,glov,,,,,,,,,,,
of Plague Jab,488,35,,27,,ama,18,charged,amul,circ,,,,,,,,,,
of Plague Jab,489,71,,63,,ama,22,charged,glov,,,,,,,,,,,
of Immolating Arrows,490,42,,36,,ama,24,charged,miss,abow,,,,,,,,,,
of Immolating Arrows,491,85,,77,,ama,27,charged,glov,,,,,,,,,,,
of Fending,492,41,,35,,ama,24,charged,spea,aspe,,,,,,,,,,
of Fending,493,83,,75,,ama,26,charged,glov,,,,,,,,,,,
of Freezing Arrows,494,50,,42,,ama,30,charged,miss,abow,,,,,,,,,,
of Freezing Arrows,495,94,,86,,ama,33,charged,glov,,,,,,,,,,,
of Lightning Strike,496,47,,39,,ama,30,charged,spea,aspe,,,,,,,,,,
of Lightning Strike,497,90,,82,,ama,32,charged,glov,,,,,,,,,,,
of Lightning Fury,498,49,,41,,ama,30,charged,amul,circ,,,,,,,,,,
of Lightning Fury,499,92,,84,,ama,33,charged,glov,,,,,,,,,,,
of Fire Bolts,500,7,,7,,sor,1,charged,staf,orb,,,,,,,,,,
of Fire Bolts,501,14,,14,,sor,1,charged,swor,ring,circ,,,,,,,,,
of Charged Bolts,502,7,,7,,sor,1,charged,staf,orb,,,,,,,,,,
of Charged Bolts,503,14,,14,,sor,1,charged,hamm,mace,scep,ring,circ,,,,,,,
of Ice Bolts,504,7,,7,,sor,1,charged,staf,orb,,,,,,,,,,
of Ice Bolts,505,14,,14,,sor,1,charged,knif,,,,,,,,,,,
of Frozen Armor,506,7,,7,,sor,1,charged,staf,orb,,,,,,,,,,
of Frozen Armor,507,14,,14,,sor,1,charged,knif,tors,,,,,,,,,,
of Static Field,508,12,,12,,sor,6,charged,staf,orb,,,,,,,,,,
of Static Field,509,24,,24,,sor,6,charged,hamm,mace,scep,ring,circ,,,,,,,
of Telekinesis,510,12,,12,,sor,6,charged,staf,orb,,,,,,,,,,
of Telekinesis,511,24,,24,,sor,6,charged,hamm,mace,scep,ring,circ,,,,,,,
of Frost Novas,512,12,,12,,sor,6,charged,staf,orb,,,,,,,,,,
of Frost Novas,513,24,,24,,sor,6,charged,knif,amul,circ,,,,,,,,,
of Ice Blasts,514,12,,12,,sor,6,charged,staf,orb,,,,,,,,,,
of Ice Blasts,515,24,,24,,sor,6,charged,hamm,mace,scep,ring,circ,,,,,,,
of Blazing,516,18,,18,,sor,12,charged,staf,orb,,,,,,,,,,
of Blazing,517,36,,36,,sor,12,charged,boot,,,,,,,,,,,
of Fire Balls,518,18,,18,,sor,12,charged,staf,orb,,,,,,,,,,
of Fire Balls,519,36,,36,,sor,12,charged,spea,wand,,,,,,,,,,
of Novas,520,18,,18,,sor,12,charged,staf,orb,,,,,,,,,,
of Novas,521,36,,36,,sor,12,charged,shld,,,,,,,,,,,
of Lightning,522,18,,18,,sor,12,charged,staf,orb,,,,,,,,,,
of Lightning,523,36,,36,,sor,12,charged,axe,hamm,,,,,,,,,,
of Shiver Armor,524,18,,18,,sor,12,charged,staf,orb,,,,,,,,,,
of Shiver Armor,525,36,,36,,sor,12,charged,knif,tors,,,,,,,,,,
of Fire Walls,526,24,,24,,sor,18,charged,staf,orb,,,,,,,,,,
of Fire Walls,527,48,,48,,sor,18,charged,pole,,,,,,,,,,,
of Enchantment,528,24,,24,,sor,18,charged,staf,orb,,,,,,,,,,
of Enchantment,529,48,,48,,sor,18,charged,mele,,,,,,,,,,,
of Chain Lightning,530,24,,24,,sor,18,charged,staf,orb,,,,,,,,,,
of Chain Lightning,531,48,,48,,sor,18,charged,spea,,,,,,,,,,,
of Teleportation,532,24,,24,,sor,18,charged,staf,orb,,,,,,,,,,
of Teleportation,533,48,,48,,sor,18,charged,amul,circ,,,,,,,,,,
of Glacial Spikes,534,24,,24,,sor,18,charged,staf,orb,,,,,,,,,,
of Glacial Spikes,535,48,,48,,sor,18,charged,knif,,,,,,,,,,,
of Meteors,536,30,,30,,sor,24,charged,staf,orb,,,,,,,,,,
of Meteors,537,60,,60,,sor,24,charged,knif,club,,,,,,,,,,
of Thunder Storm,538,30,,30,,sor,24,charged,staf,orb,,,,,,,,,,
of Thunder Storm,539,60,,60,,sor,24,charged,hamm,club,,,,,,,,,,
of Energy Shield,540,30,,30,,sor,24,charged,staf,orb,,,,,,,,,,
of Energy Shield,541,60,,60,,sor,24,charged,helm,,,,,,,,,,,
of Blizzards,542,30,,30,,sor,24,charged,staf,orb,,,,,,,,,,
of Blizzards,543,60,,60,,sor,24,charged,knif,,,,,,,,,,,
of Chilling Armor,544,30,,30,,sor,24,charged,staf,orb,,,,,,,,,,
of Chilling Armor,545,60,,60,,sor,24,charged,tors,,,,,,,,,,,
of Hydras,546,36,,36,,sor,30,charged,staf,orb,,,,,,,,,,
of Hydras,547,72,,72,,sor,30,charged,club,,,,,,,,,,,
of Frozen Orbs,548,36,,36,,sor,30,charged,staf,orb,,,,,,,,,,
of Frozen Orbs,549,72,,72,,sor,30,charged,knif,,,,,,,,,,,
of Amplify Damage,550,7,,7,,nec,1,charged,wand,knif,head,,,,,,,,,
of Amplify Damage,551,14,,14,,nec,1,charged,blun,,,,,,,,,,,
of Teeth,552,7,,7,,nec,1,charged,wand,knif,head,,,,,,,,,
of Teeth,553,14,,14,,nec,1,charged,swor,,,,,,,,,,,
of Bone Armor,554,7,,7,,nec,1,charged,wand,knif,head,,,,,,,,,
of Bone Armor,555,14,,14,,nec,1,charged,tors,,,,,,,,,,,
of Raise Skeletons,556,7,,7,,nec,1,charged,wand,knif,head,,,,,,,,,
of Raise Skeletons,557,14,,14,,nec,1,charged,amul,circ,,,,,,,,,,
of Dim Vision,558,12,,12,,nec,6,charged,wand,knif,head,,,,,,,,,
of Dim Vision,559,24,,24,,nec,6,charged,ring,circ,,,,,,,,,,
of Weaken,560,12,,12,,nec,6,charged,wand,knif,head,,,,,,,,,
of Weaken,561,24,,24,,nec,6,charged,glov,,,,,,,,,,,
of Poison Dagger,562,12,,12,,nec,6,charged,knif,head,,,,,,,,,,
of Poison Dagger,563,24,,24,,nec,6,charged,glov,ring,circ,,,,,,,,,
of Corpse Explosions,564,12,,12,,nec,6,charged,wand,knif,head,,,,,,,,,
of Corpse Explosions,565,24,,24,,nec,6,charged,club,,,,,,,,,,,
of Clay Golem Summoning,566,12,,12,,nec,6,charged,wand,knif,head,,,,,,,,,
of Clay Golem Summoning,567,24,,24,,nec,6,charged,amul,circ,,,,,,,,,,
of Iron Maiden,568,18,,18,,nec,12,charged,wand,knif,head,,,,,,,,,
of Iron Maiden,569,36,,36,,nec,12,charged,shld,,,,,,,,,,,
of Terror,570,18,,18,,nec,12,charged,wand,knif,head,,,,,,,,,
of Terror,571,36,,36,,nec,12,charged,shld,,,,,,,,,,,
of Bone Walls,572,18,,18,,nec,12,charged,wand,knif,head,,,,,,,,,
of Bone Walls,573,36,,36,,nec,12,charged,club,mace,scep,,,,,,,,,
of Raise Skeletal Mages,574,18,,18,,nec,12,charged,wand,knif,head,,,,,,,,,
of Raise Skeletal Mages,575,36,,36,,nec,12,charged,amul,circ,,,,,,,,,,
of Confusion,576,24,,24,,nec,18,charged,wand,knif,head,,,,,,,,,
of Confusion,577,48,,48,,nec,18,charged,ring,circ,,,,,,,,,,
of Life Tap,578,24,,24,,nec,18,charged,wand,knif,head,,,,,,,,,
of Life Tap,579,48,,48,,nec,18,charged,axe,,,,,,,,,,,
of Poison Explosion,580,24,,24,,nec,18,charged,wand,knif,head,,,,,,,,,
of Poison Explosion,581,48,,48,,nec,18,charged,blun,,,,,,,,,,,
of Bone Spears,582,24,,24,,nec,18,charged,wand,knif,head,,,,,,,,,
of Bone Spears,583,48,,48,,nec,18,charged,spea,,,,,,,,,,,
of Blood Golem Summoning,584,24,,24,,nec,18,charged,wand,knif,head,,,,,,,,,
of Blood Golem Summoning,585,48,,48,,nec,18,charged,axe,,,,,,,,,,,
of Attraction,586,30,,30,,nec,24,charged,wand,knif,head,,,,,,,,,
of Attraction,587,60,,60,,nec,24,charged,ring,amul,circ,,,,,,,,,
of Decrepification,588,30,,30,,nec,24,charged,wand,knif,head,,,,,,,,,
of Decrepification,589,60,,60,,nec,24,charged,shld,,,,,,,,,,,
of Bone Imprisonment,590,30,,30,,nec,24,charged,wand,knif,head,,,,,,,,,
of Bone Imprisonment,591,60,,60,,nec,24,charged,mace,scep,,,,,,,,,,
of Iron Golem Creation,592,30,,30,,nec,24,charged,wand,knif,head,,,,,,,,,
of Iron Golem Creation,593,60,,60,,nec,24,charged,swor,,,,,,,,,,,
of Lower Resistance,594,36,,36,,nec,30,charged,wand,knif,head,,,,,,,,,
of Lower Resistance,595,72,,72,,nec,30,charged,staf,,,,,,,,,,,
of Poison Novas,596,36,,36,,nec,30,charged,wand,knif,head,,,,,,,,,
of Poison Novas,597,72,,72,,nec,30,charged,glov,,,,,,,,,,,
of Bone Spirits,598,36,,36,,nec,30,charged,wand,knif,head,,,,,,,,,
of Bone Spirits,599,72,,72,,nec,30,charged,amul,circ,,,,,,,,,,
of Fire Golem Summoning,600,36,,36,,nec,30,charged,wand,knif,head,,,,,,,,,
of Fire Golem Summoning,601,72,,72,,nec,30,charged,hamm,,,,,,,,,,,
of Revivification,602,36,,36,,nec,30,charged,wand,knif,head,,,,,,,,,
of Revivification,603,72,,72,,nec,30,charged,pole,,,,,,,,,,,
of Sacrifice,604,7,,7,,pal,1,charged,scep,ashd,,,,,,,,,,
of Sacrifice,605,14,,14,,pal,1,charged,mele,,,,,,,scep,,,,
of Holy Bolts,606,12,,12,,pal,6,charged,scep,ashd,,,,,,,,,,
of Holy Bolts,607,24,,24,,pal,6,charged,amul,circ,,,,,,,,,,
of Zeal,608,18,,18,,pal,12,charged,scep,ashd,,,,,,,,,,
of Zeal,609,36,,36,,pal,12,charged,mele,,,,,,,scep,,,,
of Vengeance,610,24,,24,,pal,18,charged,scep,ashd,,,,,,,,,,
of Vengeance,611,48,,48,,pal,18,charged,swor,axe,,,,,,,,,,
of Blessed Hammers,612,24,,24,,pal,18,charged,scep,ashd,,,,,,,,,,
of Blessed Hammers,613,48,,48,,pal,18,charged,hamm,,,,,,,,,,,
of Conversion,614,30,,30,,pal,24,charged,scep,ashd,,,,,,,,,,
of Conversion,615,60,,60,,pal,24,charged,blun,,,,,,,scep,,,,
of Fist of the Heavens,616,36,,36,,pal,30,charged,scep,ashd,,,,,,,,,,
of Fist of the Heavens,617,72,,72,,pal,30,charged,glov,,,,,,,,,,,
of Bashing,618,7,,7,,bar,1,charged,phlm,,,,,,,,,,,
of Bashing,619,14,,14,,bar,1,charged,mele,,,,,,,staf,wand,orb,,
of Howling,620,7,,7,,bar,1,charged,phlm,,,,,,,,,,,
of Howling,621,14,,14,,bar,1,charged,,,,,,,,,,,,
of Potion Finding,622,7,,7,,bar,1,charged,phlm,,,,,,,,,,,
of Potion Finding,623,14,,14,,bar,1,charged,,,,,,,,,,,,
of Taunting,624,12,,12,,bar,6,charged,phlm,,,,,,,,,,,
of Taunting,625,24,,24,,bar,6,charged,,,,,,,,,,,,
of Shouting,626,12,,12,,bar,6,charged,phlm,,,,,,,,,,,
of Shouting,627,24,,24,,bar,6,charged,,,,,,,,,,,,
of Stunning,628,18,,18,,bar,12,charged,phlm,,,,,,,staf,wand,orb,,
of Stunning,629,36,,36,,bar,12,charged,mele,,,,,,,,,,,
of Item Finding,630,18,,18,,bar,12,charged,phlm,,,,,,,,,,,
of Item Finding,631,36,,36,,bar,12,charged,,,,,,,,,,,,
of Concentration,632,24,,24,,bar,18,charged,phlm,,,,,,,,,,,
of Concentration,633,48,,48,,bar,18,charged,mele,,,,,,,staf,wand,orb,,
of Battle Cry,634,24,,24,,bar,18,charged,phlm,,,,,,,,,,,
of Battle Cry,635,48,,48,,bar,18,charged,,,,,,,,,,,,
of Battle Orders,636,30,,30,,bar,24,charged,phlm,,,,,,,,,,,
of Battle Orders,637,60,,60,,bar,24,charged,,,,,,,,,,,,
of Grim Ward,638,30,,30,,bar,24,charged,phlm,,,,,,,,,,,
of Grim Ward,639,60,,60,,bar,24,charged,amul,,,,,,,,,,,
of War Cry,640,36,,36,,bar,30,charged,phlm,,,,,,,,,,,
of War Cry,641,72,,72,,bar,30,charged,,,,,,,,,,,,
of Battle Command,642,36,,36,,bar,30,charged,phlm,,,,,,,,,,,
of Battle Command,643,72,,72,,bar,30,charged,,,,,,,,,,,,
of Firestorms,644,7,,7,,dru,1,charged,club,,,,,,,,,,,
of Firestorms,645,14,,14,,dru,1,charged,staf,,,,,,,,,,,
of Molten Boulders,646,12,,12,,dru,6,charged,club,,,,,,,,,,,
of Molten Boulders,647,24,,24,,dru,6,charged,mace,,,,,,,,,,,
of Eruption,648,18,,18,,dru,12,charged,club,,,,,,,,,,,
of Eruption,649,36,,36,,dru,12,charged,staf,,,,,,,,,,,
of Cyclone Armor,650,18,,18,,dru,12,charged,club,,,,,,,,,,,
of Cyclone Armor,651,36,,36,,dru,12,charged,tors,,,,,,,,,,,
of Twister,652,24,,24,,dru,18,charged,club,,,,,,,,,,,
of Twister,653,48,,48,,dru,18,charged,amul,circ,,,,,,,,,,
of Volcano,654,30,,30,,dru,24,charged,club,,,,,,,,,,,
of Volcano,655,60,,60,,dru,24,charged,hamm,,,,,,,,,,,
of Tornado,656,30,,30,,dru,24,charged,club,,,,,,,,,,,
of Tornado,657,60,,60,,dru,24,charged,amul,circ,,,,,,,,,,
of Armageddon,658,36,,36,,dru,30,charged,club,,,,,,,,,,,
of Armageddon,659,72,,72,,dru,30,charged,staf,,,,,,,,,,,
of Hurricane,660,36,,36,,dru,30,charged,club,,,,,,,,,,,
of Hurricane,661,72,,72,,dru,30,charged,amul,circ,,,,,,,,,,
of Damage Amplification,662,3,,,,,,hit-skill,weap,,,,,,,orb,,,,
of the Icicle,663,37,,29,,,,cold-min,jewl,,,,,,,,,,,
of the Glacier,664,58,,50,,,,cold-min,jewl,,,,,,,,,,,
of Fire,665,36,,28,,,,fire-min,jewl,,,,,,,,,,,
of Burning,666,57,,49,,,,fire-min,jewl,,,,,,,,,,,
of Lightning,667,36,,28,,,,ltng-min,jewl,,,,,,,,,,,
of Thunder,668,57,,49,,,,ltng-min,jewl,,,,,,,,,,,
of Daring,669,19,,14,,,,dex,jewl,,,,,,,,,,,
of Daring,670,36,,28,,,,dex,jewl,,,,,,,,,,,
of Knowledge,671,24,,18,,,,enr,jewl,,,,,,,,,,,
of Knowledge,672,41,,33,,,,enr,jewl,,,,,,,,,,,
of Virility,673,33,,25,,,,str,jewl,,,,,,,,,,,
of Virility,674,50,,42,,,,str,jewl,,,,,,,,,,,
of Readiness,675,20,,15,,,,swing1,glov,,,,,,,,,,,
of Craftsmanship,676,1,,1,,,,dmg-max,lcha,,,,,,,,,,,
of Quality,677,41,,33,,,,dmg-max,lcha,,,,,,,,,,,
of Maiming,678,71,,63,,,,dmg-max,lcha,,,,,,,,,,,
of Craftsmanship,679,26,,19,,,,dmg-max,mcha,,,,,,,,,,,
of Quality,680,56,,48,,,,dmg-max,mcha,,,,,,,,,,,
of Craftsmanship,681,85,,77,,,,dmg-max,scha,,,,,,,,,,,
of Blight,682,1,,1,,,,dmg-pois,lcha,,,,,,,,,,,
of Venom,683,6,,4,,,,dmg-pois,lcha,,,,,,,,,,,
of Pestilence,684,14,,10,,,,dmg-pois,lcha,,,,,,,,,,,
of Anthrax,685,21,,15,,,,dmg-pois,lcha,,,,,,,,,,,
of Blight,686,5,,3,,,,dmg-pois,mcha,,,,,,,,,,,
of Venom,687,13,,9,,,,dmg-pois,mcha,,,,,,,,,,,
of Pestilence,688,23,,17,,,,dmg-pois,mcha,,,,,,,,,,,
of Anthrax,689,33,,25,,,,dmg-pois,mcha,,,,,,,,,,,
of Blight,690,9,,6,,,,dmg-pois,scha,,,,,,,,,,,
of Venom,691,20,,15,,,,dmg-pois,scha,,,,,,,,,,,
of Pestilence,692,32,,24,,,,dmg-pois,scha,,,,,,,,,,,
of Anthrax,693,44,,36,,,,dmg-pois,scha,,,,,,,,,,,
of Frost,694,5,,3,,,,cold-min,lcha,,,,,,,,,,,
of the Icicle,695,8,,6,,,,cold-min,lcha,,,,,,,,,,,
of the Glacier,696,15,,11,,,,cold-min,lcha,,,,,,,,,,,
of Winter,697,23,,17,,,,cold-min,lcha,,,,,,,,,,,
of Frost,698,9,,6,,,,cold-min,mcha,,,,,,,,,,,
of the Icicle,699,15,,11,,,,cold-min,mcha,,,,,,,,,,,
of the Glacier,700,25,,18,,,,cold-min,mcha,,,,,,,,,,,
of Winter,701,35,,27,,,,cold-min,mcha,,,,,,,,,,,
of Frost,702,14,,10,,,,cold-min,scha,,,,,,,,,,,
of the Icicle,703,21,,15,,,,cold-min,scha,,,,,,,,,,,
of the Glacier,704,33,,25,,,,cold-min,scha,,,,,,,,,,,
of Winter,705,46,,38,,,,cold-min,scha,,,,,,,,,,,
of Flame,706,3,,2,,,,fire-min,lcha,,,,,,,,,,,
of Fire,707,8,,6,,,,fire-min,lcha,,,,,,,,,,,
of Burning,708,14,,10,,,,fire-min,lcha,,,,,,,,,,,
of Incineration,709,22,,16,,,,fire-min,lcha,,,,,,,,,,,
of Flame,710,7,,5,,,,fire-min,mcha,,,,,,,,,,,
of Fire,711,14,,10,,,,fire-min,mcha,,,,,,,,,,,
of Burning,712,24,,18,,,,fire-min,mcha,,,,,,,,,,,
of Incineration,713,34,,26,,,,fire-min,mcha,,,,,,,,,,,
of Flame,714,11,,8,,,,fire-min,scha,,,,,,,,,,,
of Fire,715,20,,15,,,,fire-min,scha,,,,,,,,,,,
of Burning,716,32,,24,,,,fire-min,scha,,,,,,,,,,,
of Incineration,717,45,,37,,,,fire-min,scha,,,,,,,,,,,
of Shock,718,4,,3,,,,ltng-min,lcha,,,,,,,,,,,
of Lightning,719,7,,5,,,,ltng-min,lcha,,,,,,,,,,,
of Thunder,720,15,,11,,,,ltng-min,lcha,,,,,,,,,,,
of Storms,721,22,,16,,,,ltng-min,lcha,,,,,,,,,,,
of Shock,722,7,,5,,,,ltng-min,mcha,,,,,,,,,,,
of Lightning,723,14,,10,,,,ltng-min,mcha,,,,,,,,,,,
of Thunder,724,24,,18,,,,ltng-min,mcha,,,,,,,,,,,
of Storms,725,34,,26,,,,ltng-min,mcha,,,,,,,,,,,
of Shock,726,12,,9,,,,ltng-min,scha,,,,,,,,,,,
of Lightning,727,21,,15,,,,ltng-min,scha,,,,,,,,,,,
of Thunder,728,33,,25,,,,ltng-min,scha,,,,,,,,,,,
of Storms,729,45,,37,,,,ltng-min,scha,,,,,,,,,,,
of Dexterity,730,1,12,1,,,,dex,boot,glov,,,,,,,,,,
of Dexterity,731,1,5,1,,,,dex,ring,,,,,,,,,,,
of Strength,732,1,11,1,,,,str,glov,,,,,,,,,,,
of Strength,733,1,4,1,,,,str,ring,,,,,,,,,,,
of Thorns,734,1,13,1,,,,thorns,tors,belt,shld,,,,,,,,,
of Frost,735,1,3,1,,,,dmg-cold,weap,,,,,,,staf,wand,orb,,
of Flame,736,1,3,1,,,,dmg-fire,weap,,,,,,,staf,wand,orb,,
of Blight,737,1,4,1,,,,dmg-pois,weap,,,,,,,scep,staf,orb,,
of Shock,738,1,3,1,,,,dmg-ltng,weap,,,,,,,staf,wand,orb,,
of Regeneration,739,1,9,1,,,,regen,amul,circ,,,,,,,,,,
of Energy,740,1,4,1,,,,enr,amul,orb,circ,wand,staf,helm,ring,,,,,
of Light,741,1,5,1,,,,light,ring,amul,,,,,,,,,,
of the Leech,742,24,,20,,,,lifesteal,amul,,,,,,,,,,,
of the Locust,743,57,,45,,,,lifesteal,amul,,,,,,,,,,,
of the Lamprey,744,85,,73,,,,lifesteal,amul,,,,,,,,,,,
of the Bat,745,25,,21,,,,manasteal,ring,,,,,,,,,,,
of the Wraith,746,58,,46,,,,manasteal,ring,,,,,,,,,,,
of the Vampire,747,86,,74,,,,manasteal,ring,,,,,,,,,,,
